{
    "error_diff": 214397.73496398915,
    "diff_areas": [
        [
            27,
            177961.2869809726
        ],
        [
            68,
            2758.919381579428
        ],
        [
            52,
            24245.673632457067
        ],
        [
            43,
            410864.54177689436
        ],
        [
            11,
            -714193.8968860423
        ],
        [
            4,
            -325642.2161166786
        ],
        [
            61,
            110764.88492478424
        ],
        [
            50,
            143122.93453792104
        ],
        [
            1,
            -302426.86186999443
        ],
        [
            69,
            225479.6487720958
        ],
        [
            59,
            82865.36476944949
        ],
        [
            15,
            -556896.9033877214
        ],
        [
            13,
            -17856.281693174038
        ],
        [
            22,
            50443.00613584783
        ],
        [
            37,
            168317.97089159873
        ],
        [
            31,
            -15671.312397624832
        ],
        [
            21,
            -11655.13237489693
        ],
        [
            10,
            -95447.63429529824
        ],
        [
            26,
            -2583.7572106008593
        ],
        [
            32,
            54303.32364330641
        ],
        [
            56,
            -12662.135622220012
        ],
        [
            14,
            -4676.803870941687
        ],
        [
            42,
            242496.89758743474
        ],
        [
            3,
            136898.82059822947
        ],
        [
            12,
            -30.055144354118966
        ],
        [
            5,
            -177524.5040309509
        ],
        [
            67,
            154628.85466529994
        ],
        [
            57,
            -55740.85254768327
        ],
        [
            7,
            -192304.06184353284
        ],
        [
            49,
            21504.640357451688
        ],
        [
            9,
            -434683.2185356489
        ],
        [
            35,
            61611.84951532975
        ],
        [
            2,
            -735140.2655091266
        ],
        [
            65,
            -32674.26708660496
        ],
        [
            18,
            83276.48830143557
        ],
        [
            47,
            1122.1504174685688
        ],
        [
            39,
            351957.3967313343
        ],
        [
            55,
            65381.79997518944
        ],
        [
            64,
            325180.7399086504
        ],
        [
            6,
            -406033.32675648027
        ],
        [
            23,
            215310.84031940054
        ],
        [
            28,
            -53072.63735614979
        ],
        [
            19,
            -86308.11772484976
        ],
        [
            25,
            141490.15993868967
        ],
        [
            20,
            170329.68671337047
        ],
        [
            70,
            68158.68306282663
        ],
        [
            0,
            -567181.3586361601
        ],
        [
            58,
            73649.24250464689
        ],
        [
            8,
            57824.13289025734
        ],
        [
            44,
            10794.81264610024
        ],
        [
            45,
            285434.20796443213
        ],
        [
            63,
            42060.50556826012
        ],
        [
            34,
            -3234.4243637368636
        ],
        [
            51,
            24084.540536128374
        ],
        [
            54,
            211308.90944325516
        ],
        [
            40,
            40304.69859430312
        ],
        [
            30,
            15426.818127531784
        ],
        [
            36,
            191854.41841154435
        ],
        [
            29,
            -10468.493365133232
        ],
        [
            16,
            -3387.19263320163
        ],
        [
            66,
            23315.996187978657
        ],
        [
            62,
            -16639.227474393265
        ],
        [
            38,
            -17714.572391541064
        ],
        [
            24,
            -757.1187645156242
        ],
        [
            17,
            81377.13053998575
        ],
        [
            48,
            26692.480370392906
        ],
        [
            46,
            146638.4464058752
        ],
        [
            53,
            -5378.343055950085
        ],
        [
            60,
            40034.03400640303
        ],
        [
            41,
            29393.897364465876
        ],
        [
            33,
            24659.62068407655
        ],
        [
            71,
            42654.51716055127
        ]
    ],
    "aggregation_error": 0.2218370883882149
}