{
    "error_diff": 84646.08894191812,
    "diff_areas": [
        [
            38,
            -6994.447531832528
        ],
        [
            23,
            -49928.870988014096
        ],
        [
            44,
            -8690.604236368163
        ],
        [
            34,
            1080.3412834553164
        ],
        [
            9,
            -127460.84532423038
        ],
        [
            1,
            -173094.8638769762
        ],
        [
            8,
            -38717.2401385064
        ],
        [
            2,
            -17054.645118045446
        ],
        [
            37,
            -8133.555068475267
        ],
        [
            12,
            -49684.09115129226
        ],
        [
            10,
            51610.227070527646
        ],
        [
            16,
            -12997.854765200304
        ],
        [
            30,
            253509.5381862289
        ],
        [
            18,
            42668.5993743196
        ],
        [
            0,
            -21666.978153216158
        ],
        [
            49,
            39733.92870360648
        ],
        [
            33,
            -22405.735221596842
        ],
        [
            20,
            195312.50361875526
        ],
        [
            42,
            -79866.69529874367
        ],
        [
            3,
            -52723.72631554486
        ],
        [
            24,
            -10685.203536402885
        ],
        [
            17,
            -35004.605986545124
        ],
        [
            7,
            -16659.443579430445
        ],
        [
            6,
            -11947.177716383012
        ],
        [
            11,
            -7331.064801805624
        ],
        [
            15,
            -28858.735741595476
        ],
        [
            47,
            -12068.232864234917
        ],
        [
            52,
            50792.20147056607
        ],
        [
            5,
            95723.24453151244
        ],
        [
            54,
            -33543.250974241935
        ],
        [
            32,
            44145.307171162094
        ],
        [
            40,
            -5900.203588700882
        ],
        [
            41,
            -11411.413250339021
        ],
        [
            36,
            -39261.82876335157
        ],
        [
            48,
            -9449.780677998671
        ],
        [
            21,
            -266812.1847798311
        ],
        [
            26,
            27006.252662165934
        ],
        [
            31,
            64341.087409017724
        ],
        [
            13,
            -44661.059132729424
        ],
        [
            46,
            60374.281757267105
        ],
        [
            55,
            -23966.9470927323
        ],
        [
            19,
            -15258.473646233673
        ],
        [
            4,
            94663.23910078051
        ],
        [
            27,
            -15846.418131824408
        ],
        [
            43,
            -31210.746753798856
        ],
        [
            14,
            -21157.987877608743
        ],
        [
            53,
            21353.93138892125
        ],
        [
            50,
            166927.75820199307
        ],
        [
            29,
            282570.1217736528
        ],
        [
            45,
            -2332.1266198838603
        ],
        [
            22,
            1146.8078431386384
        ],
        [
            25,
            -115991.36098633206
        ],
        [
            51,
            8514.368822730266
        ],
        [
            39,
            -38899.42994990552
        ],
        [
            28,
            -25327.760144037777
        ],
        [
            35,
            337.6807915435056
        ],
        [
            56,
            -8805.83137735477
        ]
    ],
    "aggregation_error": 0.14731369150779897
}