{
    "error_diff": 467351.85648255213,
    "diff_areas": {
        "68": 4454946.026506872,
        "63": 3407669.653898956,
        "2": 3251724.7989236657,
        "31": 3134386.9369048816,
        "75": 3038036.934654801,
        "83": 2968635.628330957,
        "24": 2939956.4717660765,
        "33": 2931282.7026044535,
        "8": 2923043.5699771326,
        "7": 2862403.1470702263,
        "36": 2801320.1676715547,
        "46": 2795369.370029226,
        "45": 2596801.53399802,
        "52": 2527876.534275176,
        "80": 2489997.478337547,
        "81": 2489250.664360898,
        "73": 2422340.487394143,
        "53": 2397406.1654384234,
        "61": 2375919.3009928577,
        "66": 2348262.8596574212,
        "3": 2276833.6442651143,
        "30": 2267498.655632054,
        "38": 2228145.239775481,
        "72": 2215714.169072986,
        "37": 2203234.8191048093,
        "6": 2144334.646426867,
        "4": 2048589.1032631188,
        "27": 2047627.5751168143,
        "10": 2045627.7641619546,
        "42": 2031072.192554892,
        "28": 2022898.9953044397,
        "14": 1997321.3180515028,
        "32": 1949932.7143809996,
        "59": 1890185.3607203707,
        "20": 1832571.9355937485,
        "82": 1813832.5864566478,
        "51": 1782643.5476550017,
        "39": 1779485.2503416676,
        "76": 1745655.429758818,
        "41": 1739491.2576792173,
        "16": 1695293.8443786725,
        "47": 1672476.616087256,
        "15": 1652272.0948234806,
        "44": 1610081.2872447013,
        "43": 1592557.0654157074,
        "13": 1563104.3131223095,
        "79": 1403467.3030760786,
        "26": 1356575.3225091575,
        "12": 1350979.6408352042,
        "49": 1330649.8101425634,
        "5": 1325706.6322040285,
        "11": 1247502.3299142364,
        "54": 1244212.0542560841,
        "19": 1242968.529791037,
        "1": 1219253.8652589568,
        "23": 1146774.0503528484,
        "67": 1127611.2743186485,
        "21": 1102679.1055385505,
        "69": 1075275.5364227027,
        "40": 1064690.028954841,
        "50": 1060339.2214712838,
        "62": 973666.7706059044,
        "48": 948308.6075654285,
        "77": 945808.8692511576,
        "58": 923759.2213372536,
        "18": 912044.027382337,
        "55": 771236.5914625791,
        "57": 700443.6269770126,
        "9": 690773.9395682223,
        "35": 661340.3343098245,
        "0": 615745.8224107285,
        "78": 602495.1039058572,
        "25": 597598.9396236526,
        "29": 575031.9067910516,
        "56": 570013.8686411463,
        "22": 556003.9921747922,
        "65": 542169.3924470255,
        "70": 541591.3466551442,
        "64": 513937.942125629,
        "34": 362617.95535838814,
        "60": 359789.9262017983,
        "74": 282254.20461173763,
        "84": 238346.62735571404,
        "71": 199910.50153437434,
        "17": 95927.05918915683
    },
    "aggregation_error": 0.34502923976608185
}