{
    "error_diff": 168113.03794106055,
    "diff_areas": {
        "7": 1462645.5198704314,
        "64": 994086.0476359413,
        "70": 939281.0414876789,
        "37": 749204.4997877786,
        "69": 558517.0215934046,
        "23": 530347.3129283052,
        "3": 502773.25847905007,
        "39": 432595.4679407179,
        "44": 417548.0184304699,
        "43": 411676.2765755323,
        "54": 392976.2179356288,
        "28": 353610.729143943,
        "11": 320153.0180921949,
        "45": 296249.9338509742,
        "36": 292131.86579269153,
        "25": 289644.20837244607,
        "58": 288675.28246790706,
        "1": 284636.02335338277,
        "31": 267725.4283617479,
        "16": 259898.385447541,
        "42": 256326.1505127916,
        "63": 250889.2801781817,
        "60": 246830.68608723758,
        "66": 245041.08960010385,
        "6": 240752.25083688632,
        "48": 226870.17436927205,
        "46": 221591.2726028407,
        "20": 208280.4299432373,
        "5": 199621.90682617656,
        "49": 185724.11034760872,
        "22": 180839.51639582936,
        "27": 178197.9544430758,
        "12": 170992.36740718508,
        "61": 162886.69434846932,
        "18": 160638.48633918975,
        "67": 156848.44824708483,
        "50": 156296.63687287917,
        "14": 155807.20864481182,
        "38": 141098.1479253798,
        "2": 136680.03546971607,
        "26": 129220.42873054011,
        "8": 106693.10259972178,
        "17": 99212.71453559815,
        "19": 97375.52352075191,
        "59": 90276.47882756907,
        "62": 89077.9698353854,
        "65": 83177.30608327084,
        "55": 80684.4722487608,
        "10": 79853.28746672663,
        "57": 77204.5767367561,
        "68": 76483.55452490556,
        "41": 75974.12174497939,
        "32": 69578.76978273693,
        "4": 67775.32085103588,
        "13": 67725.1418439176,
        "35": 65882.00090956023,
        "52": 61104.12688655889,
        "40": 61012.26194956175,
        "53": 60431.44159111132,
        "30": 58149.70724983548,
        "71": 49922.28463207428,
        "24": 48762.6181606631,
        "0": 48156.13933831213,
        "21": 47466.96313449543,
        "33": 45801.1485189952,
        "56": 44541.44105950311,
        "34": 41565.809842745584,
        "47": 37947.28549216801,
        "15": 29022.986929269046,
        "9": 28037.281306750167,
        "51": 25983.627584959933,
        "29": 19334.405765171847
    },
    "aggregation_error": 0.36221837088388215
}