{
    "error_diff": 188212.75756617045,
    "diff_areas": {
        "38": 248971.5329640744,
        "23": 69320.19696618292,
        "44": 34005.806069522834,
        "34": 346518.7114170989,
        "9": 420783.56231430126,
        "1": 568184.118381209,
        "8": 77441.95076733173,
        "2": 464988.57453958795,
        "37": 77459.56364253783,
        "12": 194936.37563121924,
        "10": 157233.45572479223,
        "16": 109656.0589869483,
        "30": 688081.3192127027,
        "18": 401766.91568251135,
        "0": 153416.51427571374,
        "49": 317816.7981712227,
        "33": 392983.5341598598,
        "20": 345749.5415450501,
        "42": 423825.0345937856,
        "3": 294528.4221426108,
        "24": 103870.61038588156,
        "17": 153982.5132076116,
        "7": 46897.239998211226,
        "6": 1257813.8131244052,
        "11": 165110.0561695265,
        "15": 154914.13123423315,
        "47": 238814.62415313363,
        "52": 296906.41483819974,
        "5": 515019.4354282201,
        "54": 334832.07033899357,
        "32": 60436.59639983994,
        "40": 46690.17211638644,
        "41": 50560.61559260727,
        "36": 212878.16561838766,
        "48": 237249.10205962096,
        "21": 348360.20900002227,
        "26": 176353.74411873965,
        "31": 525559.7394612872,
        "13": 215142.57662299922,
        "46": 292330.89651821967,
        "55": 1045216.5152913298,
        "19": 50832.47144624872,
        "4": 279078.17761612235,
        "27": 34951.81907010283,
        "43": 187462.17934244734,
        "14": 143818.9790098662,
        "53": 84078.81455141117,
        "50": 954583.5494299915,
        "29": 362594.65687663644,
        "45": 17592.265703182067,
        "22": 369292.67419750214,
        "25": 302514.6298081539,
        "51": 13729.049450835693,
        "39": 211219.99883990912,
        "28": 147999.01468639058,
        "35": 514686.314309343,
        "56": 48980.88142585389
    },
    "aggregation_error": 0.36221837088388215
}